Source,Destination,Distance,Cargo,Urgency,Fragile,Weight,Price
Kurnool,Guntur,400,4,1,0,934,2558.38
Nellore,Vijayawada,280,6,0,0,141,1688.46
Vijayawada,Guntur,35,6,0,0,508,240.48
Nellore,Guntur,310,4,0,0,46,1552.3
Kurnool,Rajahmundry,500,4,1,0,284,3142.75
Tirupati,Guntur,375,3,1,0,36,3049.8
Guntur,Vijayawada,35,4,1,0,132,227.0
Visakhapatnam,Guntur,385,2,1,1,78,3050.07
Guntur,Vijayawada,35,0,0,1,159,210.39
Kadapa,Rajahmundry,529,0,1,1,24,3803.91
Vijayawada,Visakhapatnam,350,7,0,1,57,2015.78
Vijayawada,Rajahmundry,160,6,1,0,751,1256.32
Vijayawada,Rajahmundry,160,4,0,1,491,948.23
Nellore,Rajahmundry,438,4,1,0,20,2738.75
Vijayawada,Rajahmundry,160,7,1,0,195,1012.19
Tirupati,Guntur,375,2,1,0,589,2618.62
Nellore,Rajahmundry,438,1,0,1,70,3027.03
Vijayawada,Rajahmundry,160,8,0,1,978,1464.35
Tirupati,Visakhapatnam,750,3,1,0,4,6094.08
Rajahmundry,Vijayawada,160,2,1,0,373,1125.64
Rajahmundry,Guntur,200,1,0,0,805,1248.3
Tirupati,Vijayawada,400,8,0,1,904,3527.97
Visakhapatnam,Guntur,385,2,1,0,96,2653.48
Kurnool,Rajahmundry,500,2,1,1,97,3960.79
Vijayawada,Rajahmundry,160,1,1,0,698,1252.35
Kurnool,Vijayawada,380,5,1,1,7,3278.1
Guntur,Vijayawada,35,0,0,1,7,201.65
Tirupati,Vijayawada,400,4,1,1,885,2938.61
Guntur,Rajahmundry,200,6,0,0,908,1254.48
Vijayawada,Guntur,35,6,0,1,48,244.81
Tirupati,Rajahmundry,35,0,0,0,126,181.3
Visakhapatnam,Rajahmundry,190,4,0,0,6,950.3
Visakhapatnam,Vijayawada,350,0,1,1,475,2549.77
Kurnool,Rajahmundry,500,7,0,1,137,2882.88
Tirupati,Visakhapatnam,750,6,1,0,331,5649.82
Kurnool,Vijayawada,380,0,0,1,851,2233.93
Tirupati,Rajahmundry,380,4,0,0,148,1907.4
Kadapa,Guntur,390,3,0,0,65,2539.22
Vijayawada,Visakhapatnam,350,2,0,1,32,2215.77
Visakhapatnam,Rajahmundry,190,6,1,0,176,1438.2
Guntur,Vijayawada,35,7,1,0,114,225.88
Tirupati,Visakhapatnam,750,8,1,1,50,8091.33
Kadapa,Visakhapatnam,710,8,1,1,384,7696.09
Kadapa,Rajahmundry,529,5,0,1,111,3657.76
Vijayawada,Guntur,35,0,1,1,25,253.36
Kurnool,Guntur,400,5,1,0,134,3010.05
Kadapa,Visakhapatnam,710,4,1,1,184,5116.35
Rajahmundry,Visakhapatnam,190,2,1,1,355,1530.25
Kadapa,Visakhapatnam,710,1,0,0,158,4269.48
Nellore,Visakhapatnam,660,6,1,1,920,5771.85
Nellore,Guntur,310,8,0,1,58,2678.75
Kadapa,Guntur,390,0,1,1,177,2815.85
Guntur,Rajahmundry,200,1,1,0,111,1508.32
Kurnool,Visakhapatnam,770,6,1,0,635,5822.62
Kadapa,Rajahmundry,529,7,0,1,143,3049.97
Visakhapatnam,Vijayawada,350,5,1,1,46,3022.72
Vijayawada,Rajahmundry,160,3,1,1,193,1513.03
Nellore,Rajahmundry,438,8,0,1,997,3863.74
Guntur,Vijayawada,35,1,0,1,170,253.23
Nellore,Guntur,310,4,1,0,176,1948.5
Kadapa,Guntur,390,3,1,0,709,3226.36
Tirupati,Rajahmundry,390,1,0,0,106,2346.36
Guntur,Vijayawada,35,4,1,1,802,309.21
Visakhapatnam,Guntur,385,7,0,1,3,2213.92
Vijayawada,Visakhapatnam,350,0,1,1,118,2524.11
Rajahmundry,Visakhapatnam,190,1,0,0,17,1141.02
Rajahmundry,Visakhapatnam,190,4,1,0,458,1216.12
Tirupati,Vijayawada,400,0,0,0,39,2001.95
Visakhapatnam,Vijayawada,350,7,0,1,176,2022.62
Rajahmundry,Guntur,200,1,1,0,210,1515.75
Tirupati,Guntur,375,4,1,0,787,2392.94
Vijayawada,Rajahmundry,160,4,1,1,977,1220.22
Kadapa,Guntur,390,1,0,1,100,2697.9
Visakhapatnam,Rajahmundry,190,3,0,0,112,1242.28
Rajahmundry,Guntur,200,5,1,0,1,1500.07
Vijayawada,Rajahmundry,160,4,0,0,5,800.25
Kurnool,Rajahmundry,500,3,1,1,152,4686.08
Nellore,Vijayawada,280,7,0,1,652,1647.49
Kadapa,Vijayawada,360,6,0,0,22,2161.32
Kurnool,Guntur,400,4,0,0,86,2004.3
Rajahmundry,Vijayawada,160,2,1,0,377,1125.92
Nellore,Visakhapatnam,660,3,1,0,54,5366.89
Kadapa,Visakhapatnam,710,4,1,0,817,4488.56
Guntur,Visakhapatnam,385,7,1,0,188,2418.0
Kurnool,Guntur,400,7,0,1,105,2306.04
Kurnool,Visakhapatnam,770,5,0,1,3,5313.21
Nellore,Visakhapatnam,660,2,0,0,782,3673.01
Rajahmundry,Vijayawada,160,4,0,0,19,800.95
Rajahmundry,Visakhapatnam,190,4,1,0,85,1192.81
Vijayawada,Guntur,35,2,0,0,99,197.94
Visakhapatnam,Guntur,385,1,0,0,843,2360.58
Tirupati,Rajahmundry,385,1,1,0,941,2958.07
Kadapa,Visakhapatnam,710,7,0,0,927,3596.35
Nellore,Rajahmundry,438,5,1,0,67,3290.03
Guntur,Visakhapatnam,385,7,1,0,166,2416.62
Vijayawada,Rajahmundry,160,8,0,1,77,1386.64
Rajahmundry,Guntur,200,5,1,0,170,1512.75
Kadapa,Rajahmundry,529,1,1,0,87,3974.02
Tirupati,Guntur,375,4,0,1,813,2203.0
Visakhapatnam,Vijayawada,350,3,1,1,60,3275.92
Rajahmundry,Visakhapatnam,190,3,1,1,40,1779.05
Kurnool,Vijayawada,380,2,1,1,17,3005.72
Tirupati,Guntur,375,1,0,0,411,2274.66
Guntur,Visakhapatnam,385,0,1,0,58,2409.88
Kadapa,Vijayawada,360,7,1,1,130,2596.84
Visakhapatnam,Vijayawada,350,3,0,0,666,2318.29
Kadapa,Visakhapatnam,710,8,1,1,119,7667.52
Visakhapatnam,Rajahmundry,190,8,0,1,171,1653.5
Kadapa,Visakhapatnam,710,0,1,0,112,4444.5
Guntur,Visakhapatnam,385,7,0,1,677,2252.68
Visakhapatnam,Rajahmundry,190,0,1,0,449,1215.56
Vijayawada,Guntur,35,5,1,0,47,266.02
Nellore,Vijayawada,280,4,0,0,144,1407.2
Vijayawada,Visakhapatnam,350,7,0,1,959,2067.64
Guntur,Visakhapatnam,385,2,1,0,63,2651.21
Visakhapatnam,Vijayawada,350,0,1,1,158,2526.98
Vijayawada,Visakhapatnam,350,1,0,0,808,2148.48
Kurnool,Rajahmundry,500,8,1,1,274,5420.17
Visakhapatnam,Vijayawada,350,7,0,1,116,2019.17
Visakhapatnam,Rajahmundry,190,1,1,1,167,1653.15
Tirupati,Vijayawada,400,7,1,0,12,2500.75
Rajahmundry,Visakhapatnam,190,3,1,0,488,1583.4
Guntur,Rajahmundry,200,1,0,1,985,1447.96
Kadapa,Visakhapatnam,710,7,1,1,37,5105.78
Vijayawada,Visakhapatnam,350,5,0,0,73,2104.38
Rajahmundry,Vijayawada,160,4,1,0,50,1003.12
Kadapa,Guntur,390,1,0,0,49,2342.94
Nellore,Visakhapatnam,660,0,1,1,55,4747.7
Tirupati,Vijayawada,400,2,1,0,136,2759.35
Visakhapatnam,Vijayawada,350,0,0,1,9,2013.02
Tirupati,Rajahmundry,350,4,1,0,65,2191.56
Rajahmundry,Guntur,200,0,1,1,174,1450.01
Visakhapatnam,Vijayawada,350,6,0,0,157,2109.42
Guntur,Rajahmundry,200,0,0,0,106,1005.3
Kadapa,Rajahmundry,529,7,0,0,702,2680.1
Rajahmundry,Visakhapatnam,190,4,1,0,46,1190.38
Guntur,Visakhapatnam,385,4,1,1,106,2774.81
Kadapa,Visakhapatnam,710,6,1,0,697,5377.27
Vijayawada,Guntur,35,6,0,1,352,265.79
Nellore,Guntur,310,7,1,1,105,2235.67
Visakhapatnam,Vijayawada,350,8,0,1,61,3024.01
Kadapa,Visakhapatnam,710,8,0,1,62,6129.1
Guntur,Rajahmundry,200,4,1,0,21,1251.31
Nellore,Guntur,310,1,0,0,764,1905.84
Guntur,Visakhapatnam,385,5,1,1,829,3392.13
Kurnool,Guntur,400,6,1,1,517,3494.59
Visakhapatnam,Guntur,385,1,0,0,159,2319.54
Kadapa,Vijayawada,360,1,0,1,327,2506.56
Guntur,Vijayawada,35,0,1,1,944,319.41
Tirupati,Rajahmundry,35,8,0,1,67,307.65
Tirupati,Vijayawada,400,1,0,0,997,2459.82
Vijayawada,Guntur,35,1,1,0,131,272.33
Guntur,Visakhapatnam,385,5,0,0,50,2313.0
Visakhapatnam,Vijayawada,350,5,1,1,65,3024.36
Tirupati,Visakhapatnam,750,7,0,0,75,3753.75
Tirupati,Guntur,375,8,1,1,21,4045.23
Nellore,Rajahmundry,438,4,0,0,729,2226.45
Vijayawada,Rajahmundry,160,8,1,1,21,1727.26
Guntur,Rajahmundry,200,2,0,0,133,1107.32
Nellore,Rajahmundry,438,7,0,0,310,2205.5
Visakhapatnam,Rajahmundry,190,1,0,1,133,1320.18
Vijayawada,Guntur,35,6,0,1,87,247.5
Guntur,Visakhapatnam,385,6,0,0,144,2318.64
Vijayawada,Visakhapatnam,350,1,1,0,817,2686.28
Rajahmundry,Vijayawada,160,1,0,1,195,1117.45
Guntur,Visakhapatnam,385,3,0,0,92,2508.48
Visakhapatnam,Vijayawada,350,1,1,0,138,2635.35
Vijayawada,Rajahmundry,160,0,0,1,43,922.47
Kadapa,Rajahmundry,529,0,1,1,728,3854.51
Vijayawada,Visakhapatnam,350,4,0,0,463,1773.15
Kadapa,Vijayawada,360,1,0,1,47,2487.24
Nellore,Rajahmundry,438,6,1,1,63,3783.18
Kurnool,Visakhapatnam,770,7,0,1,98,4433.13
Vijayawada,Guntur,35,5,0,0,46,212.76
Guntur,Rajahmundry,200,8,0,1,274,1748.63
Rajahmundry,Visakhapatnam,190,2,0,1,45,1204.6
Kadapa,Visakhapatnam,710,3,1,1,190,6651.82
Kurnool,Vijayawada,380,6,1,0,91,2856.82
Visakhapatnam,Rajahmundry,190,5,0,1,72,1315.97
Tirupati,Visakhapatnam,750,4,0,0,33,3751.65
Guntur,Vijayawada,35,1,1,0,184,276.3
Guntur,Rajahmundry,200,1,1,1,76,1731.55
Nellore,Rajahmundry,438,4,1,1,74,3153.44
Kadapa,Guntur,390,7,1,0,717,2482.31
Tirupati,Vijayawada,400,6,0,1,184,2772.7
Kadapa,Visakhapatnam,710,5,0,0,961,4317.66
Guntur,Vijayawada,35,1,0,1,181,253.99
Kadapa,Visakhapatnam,710,3,0,1,86,5313.68
Visakhapatnam,Rajahmundry,190,2,1,0,14,1307.21
Kadapa,Rajahmundry,529,5,0,1,118,3658.24
Vijayawada,Guntur,35,2,0,1,36,223.65
Visakhapatnam,Rajahmundry,190,8,0,1,81,1645.74
Vijayawada,Guntur,35,1,0,0,139,218.34
Nellore,Guntur,310,0,0,0,920,1596.0
Visakhapatnam,Guntur,385,2,0,0,652,2153.36
Kurnool,Guntur,400,8,0,1,329,3478.38
Visakhapatnam,Vijayawada,350,2,1,1,74,2773.04
Kadapa,Visakhapatnam,710,5,0,0,146,4268.76
Kurnool,Vijayawada,380,5,1,0,149,2861.18
Guntur,Visakhapatnam,385,6,0,0,18,2311.08
Kadapa,Rajahmundry,529,1,1,1,690,4622.14
Kadapa,Vijayawada,360,7,0,0,479,1823.95
Nellore,Guntur,310,1,1,1,93,2681.77
Guntur,Vijayawada,35,4,0,0,83,179.15
Visakhapatnam,Guntur,385,7,0,1,76,2218.12
Vijayawada,Guntur,35,4,1,1,48,255.01
Visakhapatnam,Vijayawada,350,2,0,1,581,2250.5
Guntur,Rajahmundry,200,1,0,1,514,1415.47
Kadapa,Guntur,390,7,0,1,55,2245.66
Kurnool,Guntur,400,8,1,1,15,4314.12
Vijayawada,Rajahmundry,160,7,1,1,135,1159.7
Guntur,Vijayawada,35,8,0,1,787,369.75
Nellore,Vijayawada,280,4,0,0,147,1407.35
Rajahmundry,Guntur,200,0,0,1,95,1155.46
Visakhapatnam,Rajahmundry,190,7,1,0,200,1200.0
Tirupati,Visakhapatnam,750,7,0,0,41,3752.05
Rajahmundry,Guntur,200,1,0,0,94,1205.64
Visakhapatnam,Vijayawada,350,5,0,0,375,2122.5
Visakhapatnam,Vijayawada,350,0,1,0,183,2198.94
Nellore,Rajahmundry,438,3,0,1,754,3330.41
Guntur,Rajahmundry,200,0,0,0,123,1006.15
Tirupati,Rajahmundry,200,0,0,1,115,1156.61
Vijayawada,Rajahmundry,160,3,0,0,180,1051.7
Visakhapatnam,Rajahmundry,190,6,0,0,146,1148.76
Kurnool,Guntur,400,2,0,1,97,2536.14
Tirupati,Guntur,375,4,1,0,922,2401.38
Tirupati,Visakhapatnam,750,3,0,0,105,4881.82
Kadapa,Rajahmundry,529,8,1,1,119,5716.11
Tirupati,Rajahmundry,529,5,0,0,103,3180.18
Nellore,Visakhapatnam,660,4,0,1,588,3828.81
Guntur,Visakhapatnam,385,8,1,1,134,4165.23
Rajahmundry,Guntur,200,0,1,1,85,1443.61
Tirupati,Guntur,375,1,1,0,121,2821.57
Vijayawada,Visakhapatnam,350,2,0,1,94,2219.7
Vijayawada,Rajahmundry,160,7,0,0,171,808.55
Rajahmundry,Guntur,200,0,0,1,425,1174.44
Visakhapatnam,Rajahmundry,190,2,0,0,130,1052.15
Guntur,Visakhapatnam,385,5,1,1,206,3338.39
Nellore,Guntur,310,2,1,1,146,2462.48
Tirupati,Visakhapatnam,750,3,0,1,58,5610.59
Visakhapatnam,Guntur,385,4,1,1,110,2775.09
Nellore,Visakhapatnam,660,7,0,1,625,3830.94
Tirupati,Guntur,375,4,0,1,45,2158.84
Guntur,Vijayawada,35,7,1,1,12,252.42
Rajahmundry,Vijayawada,160,1,0,0,186,971.16
Kadapa,Vijayawada,360,4,1,0,422,2276.38
Kurnool,Guntur,400,7,1,1,380,2902.31
Kadapa,Guntur,390,1,0,0,100,2346.0
Tirupati,Guntur,375,8,0,1,764,3300.27
Tirupati,Rajahmundry,375,3,1,0,62,3051.91
Rajahmundry,Visakhapatnam,190,8,1,1,112,2060.51
Nellore,Visakhapatnam,660,1,0,0,89,3965.34
Kurnool,Rajahmundry,500,5,0,1,54,3453.73
Nellore,Vijayawada,280,4,0,0,116,1405.8
Kadapa,Visakhapatnam,710,8,0,1,171,6138.5
Rajahmundry,Visakhapatnam,190,7,0,1,122,1099.51
Vijayawada,Guntur,35,5,1,0,191,276.82
Guntur,Rajahmundry,200,3,1,0,3,1625.24
Kadapa,Guntur,390,7,1,1,142,2813.33
Vijayawada,Rajahmundry,160,3,0,0,119,1047.74
Visakhapatnam,Guntur,385,8,0,1,112,3330.28
Visakhapatnam,Vijayawada,350,6,1,0,778,2683.35
Vijayawada,Rajahmundry,160,0,0,0,831,841.55
Kadapa,Guntur,390,4,0,0,950,1997.5
Kadapa,Visakhapatnam,710,4,1,0,181,4448.81
Kadapa,Guntur,390,2,0,1,1,2466.81
Kurnool,Rajahmundry,500,0,0,1,68,2878.91
Nellore,Vijayawada,280,7,0,0,184,1409.2
Nellore,Visakhapatnam,660,5,1,1,68,5698.36
Rajahmundry,Visakhapatnam,190,3,1,1,183,1792.41
Kadapa,Vijayawada,360,0,1,1,191,2601.23
Guntur,Vijayawada,35,5,0,0,133,217.98
Visakhapatnam,Guntur,385,2,1,1,238,3062.72
Nellore,Rajahmundry,438,8,0,1,127,3788.7
Vijayawada,Rajahmundry,160,1,1,1,65,1385.61
Guntur,Visakhapatnam,385,0,1,1,225,2783.36
Guntur,Visakhapatnam,385,7,1,1,170,2779.41
Visakhapatnam,Vijayawada,350,1,1,1,74,3025.13
Vijayawada,Visakhapatnam,350,3,0,0,227,2289.76
Kadapa,Vijayawada,360,1,1,1,170,3119.66
Guntur,Vijayawada,35,7,1,0,109,225.56
Kurnool,Visakhapatnam,770,5,1,0,132,5784.9
Visakhapatnam,Rajahmundry,190,8,0,1,38,1642.03
Kadapa,Guntur,390,5,0,1,27,2692.86
Kadapa,Vijayawada,360,1,1,1,107,3114.23
Kadapa,Rajahmundry,529,5,0,0,101,3180.06
Tirupati,Rajahmundry,529,0,1,0,873,3360.81
Vijayawada,Rajahmundry,160,1,0,1,158,1114.9
Guntur,Visakhapatnam,385,4,0,1,320,2232.15
Rajahmundry,Guntur,200,7,0,1,118,1156.78
Tirupati,Rajahmundry,200,1,0,1,60,1384.14
Kadapa,Visakhapatnam,710,3,1,0,529,5811.73
Kadapa,Rajahmundry,529,4,1,0,209,3319.31
Nellore,Vijayawada,280,7,1,1,179,2025.37
Vijayawada,Visakhapatnam,350,5,1,1,182,3034.45
Kadapa,Vijayawada,360,6,0,0,147,2168.82
Kadapa,Vijayawada,360,0,0,1,829,2117.67
Kadapa,Vijayawada,360,7,1,0,199,2262.44
Kurnool,Guntur,400,0,0,0,523,2026.15
Vijayawada,Visakhapatnam,350,0,1,1,980,2586.06
Rajahmundry,Vijayawada,160,3,1,1,9,1495.84
Kurnool,Visakhapatnam,770,0,0,1,199,4438.94
Rajahmundry,Guntur,200,6,1,1,149,1737.85
Kadapa,Guntur,390,1,0,1,34,2693.35
Kadapa,Rajahmundry,529,3,0,0,153,3448.45
Vijayawada,Visakhapatnam,350,6,0,1,81,2420.59
Vijayawada,Guntur,35,7,1,0,171,229.44
Tirupati,Rajahmundry,35,1,0,0,179,220.74
Tirupati,Guntur,375,2,1,1,677,3018.37
Nellore,Vijayawada,280,8,1,1,830,3108.23
Rajahmundry,Visakhapatnam,190,8,1,1,631,2116.47
Nellore,Visakhapatnam,660,8,0,1,33,5695.35
Visakhapatnam,Vijayawada,350,2,0,1,347,2235.7
Visakhapatnam,Vijayawada,350,7,1,0,415,2213.44
Tirupati,Vijayawada,400,4,1,1,20,2876.44
Guntur,Vijayawada,35,2,0,0,131,199.71
Vijayawada,Rajahmundry,160,7,1,1,109,1157.83
Vijayawada,Rajahmundry,160,2,0,0,16,880.88
Kadapa,Guntur,390,8,0,1,149,3376.6
Nellore,Visakhapatnam,660,0,0,0,178,3308.9
Vijayawada,Guntur,35,2,0,0,53,195.42
Vijayawada,Guntur,35,6,0,0,195,221.7
Guntur,Rajahmundry,200,6,0,1,131,1389.04
Guntur,Vijayawada,35,2,0,1,176,232.51
Vijayawada,Rajahmundry,160,0,1,0,85,1005.31
Tirupati,Visakhapatnam,750,4,0,1,636,4349.07
Kurnool,Vijayawada,380,8,1,1,29,4100.0
Kurnool,Rajahmundry,500,7,0,0,23,2501.15
Visakhapatnam,Rajahmundry,190,0,1,0,617,1226.06
Kurnool,Rajahmundry,500,3,1,1,91,4680.38
Rajahmundry,Visakhapatnam,190,2,1,0,151,1316.63
Vijayawada,Visakhapatnam,350,1,0,1,93,2421.42
Tirupati,Vijayawada,400,0,0,0,824,2041.2
Nellore,Guntur,310,5,1,1,155,2687.12
Vijayawada,Visakhapatnam,350,3,0,0,6,2275.39
Visakhapatnam,Vijayawada,350,2,1,0,135,2415.53
Nellore,Vijayawada,280,4,1,1,71,2017.6
Kadapa,Vijayawada,360,5,0,1,185,2496.76
Visakhapatnam,Rajahmundry,190,1,1,0,50,1428.75
Vijayawada,Visakhapatnam,350,4,0,1,65,2016.24
Visakhapatnam,Rajahmundry,190,4,0,1,13,1093.25
Vijayawada,Visakhapatnam,350,1,0,1,84,2420.8
Kurnool,Vijayawada,380,1,1,1,127,3288.45
Tirupati,Rajahmundry,380,6,1,0,22,2851.65
Guntur,Vijayawada,35,8,1,1,87,386.72
Tirupati,Vijayawada,400,5,0,0,164,2409.84
Nellore,Visakhapatnam,660,2,1,0,22,4539.01
Guntur,Rajahmundry,200,2,1,0,553,1413.02
Guntur,Rajahmundry,200,0,1,1,178,1450.29
Rajahmundry,Guntur,200,0,0,1,155,1158.91
Tirupati,Rajahmundry,200,5,0,0,168,1210.08
Tirupati,Guntur,375,8,1,1,130,4056.98
Vijayawada,Guntur,35,5,1,1,162,315.85
Nellore,Rajahmundry,438,4,0,1,39,2520.74
Rajahmundry,Visakhapatnam,190,7,1,0,193,1199.56
Kadapa,Vijayawada,360,3,1,1,97,3372.81
Rajahmundry,Visakhapatnam,190,1,0,0,17,1141.02
Visakhapatnam,Guntur,385,7,0,1,122,2220.76
Kurnool,Guntur,400,8,1,1,163,4330.07
Vijayawada,Visakhapatnam,350,5,1,0,157,2636.77
Guntur,Vijayawada,35,1,0,0,162,219.72
Tirupati,Vijayawada,400,1,0,0,5,2400.3
Rajahmundry,Guntur,200,4,0,1,196,1161.27
Kadapa,Guntur,390,1,0,1,672,2737.37
Nellore,Rajahmundry,438,3,1,0,30,3561.19
Kadapa,Vijayawada,360,2,0,1,378,2300.91
Guntur,Visakhapatnam,385,1,1,1,615,3373.67
Kurnool,Guntur,400,1,1,1,858,3524.0
Vijayawada,Guntur,35,8,0,1,172,316.71
Kurnool,Visakhapatnam,770,3,0,1,177,5768.98
Nellore,Guntur,310,3,1,0,132,2529.47
Rajahmundry,Guntur,200,2,1,1,157,1593.66
Kurnool,Vijayawada,380,1,1,1,357,3308.29
Tirupati,Vijayawada,400,6,0,1,22,2761.52
Rajahmundry,Vijayawada,160,0,1,1,166,1161.93
Kurnool,Visakhapatnam,770,8,1,1,794,8387.17
Visakhapatnam,Vijayawada,350,6,1,1,200,3036.0
Kadapa,Vijayawada,360,8,1,1,76,3889.44
Kadapa,Guntur,390,6,1,0,99,2932.43
Guntur,Rajahmundry,200,7,0,0,998,1049.9
Guntur,Visakhapatnam,385,1,0,1,134,2665.75
Nellore,Visakhapatnam,660,8,0,1,24,5694.57
Rajahmundry,Visakhapatnam,190,7,1,0,42,1190.12
Vijayawada,Guntur,35,3,1,0,164,297.7
Rajahmundry,Vijayawada,160,7,1,1,306,1171.99
Tirupati,Vijayawada,400,4,0,0,68,2003.4
Nellore,Visakhapatnam,660,8,1,1,215,7138.8
Tirupati,Rajahmundry,660,0,0,0,77,3303.85
Kurnool,Rajahmundry,500,3,1,1,37,4675.33
Kadapa,Visakhapatnam,710,4,0,0,73,3553.65
Vijayawada,Visakhapatnam,350,4,0,1,90,2017.67
Vijayawada,Rajahmundry,160,1,1,0,481,1236.07
Visakhapatnam,Vijayawada,350,3,1,0,665,2897.78
Nellore,Guntur,310,5,0,0,892,1913.52
Vijayawada,Rajahmundry,160,0,0,1,53,923.05
Rajahmundry,Vijayawada,160,1,0,1,281,1123.39
Guntur,Visakhapatnam,385,0,0,0,4,1925.2
Kadapa,Vijayawada,360,1,1,0,619,2746.42
Tirupati,Guntur,375,1,1,0,175,2825.62
Guntur,Rajahmundry,200,5,1,0,114,1508.55
Visakhapatnam,Rajahmundry,190,4,1,0,854,1240.88
Kadapa,Rajahmundry,529,8,0,1,125,4573.41
Kurnool,Rajahmundry,500,4,1,1,319,3616.68
Rajahmundry,Vijayawada,160,0,1,1,608,1193.7
Tirupati,Rajahmundry,160,5,0,1,134,1113.25
Nellore,Vijayawada,280,3,1,0,30,2277.44
Guntur,Vijayawada,35,1,0,0,100,216.0
Vijayawada,Rajahmundry,160,5,1,1,6,1380.52
Rajahmundry,Vijayawada,160,0,0,0,158,807.9
Kurnool,Visakhapatnam,770,7,0,0,730,3886.5
Nellore,Rajahmundry,438,3,1,0,630,3609.94
Visakhapatnam,Rajahmundry,190,1,1,0,735,1480.12
Kadapa,Rajahmundry,529,7,1,1,25,3803.98
Guntur,Visakhapatnam,385,6,0,0,192,2321.52
Nellore,Rajahmundry,438,2,1,0,546,3048.79
Guntur,Vijayawada,35,1,1,1,27,304.2
Rajahmundry,Guntur,200,2,1,0,46,1378.16
Nellore,Rajahmundry,438,1,0,0,107,2634.42
Kurnool,Visakhapatnam,770,4,1,1,138,5544.29
Guntur,Rajahmundry,200,0,0,0,884,1044.2
Nellore,Rajahmundry,438,2,1,1,50,3466.89
Kadapa,Guntur,390,0,1,1,46,2806.43
Visakhapatnam,Vijayawada,350,2,1,0,423,2435.33
Vijayawada,Guntur,35,1,1,0,144,273.3
Kurnool,Guntur,400,1,0,1,113,2767.8
Kurnool,Vijayawada,380,6,1,1,622,3331.15
Tirupati,Visakhapatnam,750,8,1,1,31,8089.28
Guntur,Rajahmundry,200,2,1,0,64,1379.4
Kadapa,Visakhapatnam,710,7,1,1,183,5116.28
Guntur,Vijayawada,35,0,1,0,140,227.5
Nellore,Rajahmundry,438,5,0,1,438,3052.42
Vijayawada,Rajahmundry,160,0,1,1,191,1163.73
Kadapa,Rajahmundry,529,5,0,1,188,3663.07
Rajahmundry,Visakhapatnam,190,6,0,0,169,1150.14
Vijayawada,Rajahmundry,160,0,0,0,6,800.3
Guntur,Rajahmundry,200,6,1,0,64,1504.8
Guntur,Rajahmundry,200,0,1,0,90,1255.62
Guntur,Visakhapatnam,385,5,0,1,435,2686.51
Nellore,Guntur,310,3,0,1,782,2375.7
Kadapa,Rajahmundry,529,0,0,0,166,2653.3
Nellore,Vijayawada,280,2,1,0,39,1927.68
Visakhapatnam,Guntur,385,2,1,1,43,3047.31
Guntur,Visakhapatnam,385,4,1,1,198,2781.42
Guntur,Rajahmundry,200,2,0,1,351,1287.2
Kurnool,Vijayawada,380,3,0,1,204,2855.75
Tirupati,Vijayawada,400,1,0,0,182,2410.92
Guntur,Visakhapatnam,385,1,0,0,39,2312.34
Guntur,Vijayawada,35,6,1,1,162,315.85
Guntur,Rajahmundry,200,1,0,0,779,1246.74
Vijayawada,Guntur,35,6,0,1,496,275.72
Guntur,Visakhapatnam,385,0,1,0,173,2417.06
Kadapa,Vijayawada,360,8,0,1,162,3118.97
Tirupati,Rajahmundry,360,2,0,1,554,2312.04
Tirupati,Rajahmundry,360,2,1,0,135,2484.28
Kurnool,Vijayawada,380,3,0,1,44,2843.79
Visakhapatnam,Rajahmundry,190,4,0,1,56,1095.72
Kadapa,Visakhapatnam,710,1,0,1,133,4908.18
Tirupati,Guntur,375,8,1,1,408,4086.96
Visakhapatnam,Rajahmundry,190,3,0,0,111,1242.21
Rajahmundry,Vijayawada,160,6,0,1,21,1105.45
Rajahmundry,Guntur,200,0,0,1,46,1152.64
Vijayawada,Guntur,35,6,0,1,110,249.09
Kadapa,Visakhapatnam,710,2,0,1,99,4497.01
Tirupati,Rajahmundry,710,4,1,0,111,4444.44
Rajahmundry,Vijayawada,160,0,1,1,130,1159.34
Rajahmundry,Guntur,200,7,1,1,152,1448.42
Tirupati,Rajahmundry,200,5,0,0,705,1242.3
Kadapa,Rajahmundry,529,4,0,0,485,2669.25
Visakhapatnam,Rajahmundry,190,7,1,0,516,1219.75
Rajahmundry,Guntur,200,3,0,1,12,1495.9
Visakhapatnam,Vijayawada,350,0,1,0,73,2192.06
Kadapa,Rajahmundry,529,7,0,0,11,2645.55
Visakhapatnam,Vijayawada,350,4,0,1,88,2017.56
Guntur,Vijayawada,35,2,0,0,925,243.38
Visakhapatnam,Vijayawada,350,5,1,0,501,2662.57
Tirupati,Visakhapatnam,750,0,1,1,152,5401.55
Nellore,Guntur,310,6,1,1,599,2725.41
Guntur,Vijayawada,35,3,0,1,182,275.23
Visakhapatnam,Vijayawada,350,0,1,0,98,2193.62
Rajahmundry,Guntur,200,6,1,0,341,1525.57
Kurnool,Rajahmundry,500,5,1,1,37,4315.69
Tirupati,Guntur,375,4,0,1,698,2196.38
Tirupati,Guntur,375,5,1,1,152,3247.48
Guntur,Vijayawada,35,0,1,1,23,253.22
Visakhapatnam,Vijayawada,350,4,1,0,410,2213.12
Nellore,Rajahmundry,438,4,0,1,11,2519.13
Visakhapatnam,Guntur,385,3,0,0,421,2529.87
Kadapa,Vijayawada,360,3,1,1,180,3380.57
Guntur,Vijayawada,35,6,0,1,55,245.29
Visakhapatnam,Rajahmundry,190,1,0,1,9,1311.62
Rajahmundry,Visakhapatnam,190,5,0,0,144,1148.64
Vijayawada,Rajahmundry,160,3,1,0,139,1311.29
Kadapa,Visakhapatnam,710,0,0,0,121,3556.05
Tirupati,Guntur,375,6,0,0,123,2257.38
Guntur,Rajahmundry,200,7,0,0,239,1011.95
Tirupati,Guntur,375,3,1,0,104,3055.33
Tirupati,Visakhapatnam,750,3,0,0,169,4885.98
Kurnool,Guntur,400,0,1,0,147,2509.19
Rajahmundry,Guntur,200,2,0,1,933,1324.01
Nellore,Guntur,310,2,1,1,17,2452.28
Kadapa,Guntur,390,4,1,1,91,2809.67
Rajahmundry,Guntur,200,8,1,1,196,2177.38
Nellore,Visakhapatnam,660,2,0,0,97,3635.34
Kurnool,Guntur,400,5,1,1,253,3471.82
Nellore,Guntur,310,7,1,1,48,2231.57
Nellore,Visakhapatnam,660,6,1,0,197,4964.77
Kurnool,Vijayawada,380,4,0,1,176,2195.12
Visakhapatnam,Rajahmundry,190,4,1,0,200,1200.0
Kadapa,Guntur,390,8,1,1,114,4216.98
Kurnool,Vijayawada,380,5,0,1,934,2686.45
Kadapa,Visakhapatnam,710,5,0,0,26,4261.56
Kurnool,Visakhapatnam,770,6,0,0,198,4631.88
Visakhapatnam,Rajahmundry,190,5,0,1,147,1321.14
Tirupati,Visakhapatnam,750,7,0,0,169,3758.45
Nellore,Vijayawada,280,1,0,0,159,1689.54
Rajahmundry,Guntur,200,3,0,0,56,1303.64
Guntur,Vijayawada,35,4,0,1,581,234.66
Kadapa,Guntur,390,5,0,1,55,2694.79
Rajahmundry,Vijayawada,160,5,0,1,350,1128.15
Visakhapatnam,Vijayawada,350,8,0,1,797,3087.49
Vijayawada,Rajahmundry,160,1,1,1,50,1384.31
Kadapa,Vijayawada,360,7,1,0,973,2310.81
Tirupati,Rajahmundry,360,1,1,1,30,3107.59
Tirupati,Visakhapatnam,750,5,0,0,608,4536.48
Nellore,Rajahmundry,438,1,0,1,136,3031.58
Visakhapatnam,Guntur,385,8,1,1,361,4189.7
Kurnool,Guntur,400,1,1,0,81,3006.07
Kadapa,Vijayawada,360,8,1,1,344,3918.34
Visakhapatnam,Rajahmundry,190,6,0,0,162,1149.72
Rajahmundry,Guntur,200,5,0,0,661,1239.66
Kurnool,Vijayawada,380,8,0,1,104,3286.47
Vijayawada,Rajahmundry,160,3,0,1,20,1197.49
Rajahmundry,Visakhapatnam,190,1,1,1,157,1652.29
Tirupati,Visakhapatnam,750,7,1,1,148,5401.26
Vijayawada,Visakhapatnam,350,4,1,1,104,2523.1
Guntur,Visakhapatnam,385,1,1,1,254,3342.53
Nellore,Vijayawada,280,2,0,0,174,1549.57
Nellore,Visakhapatnam,660,8,1,1,144,7131.15
Guntur,Visakhapatnam,385,6,1,0,994,2962.05
Kurnool,Guntur,400,1,0,0,58,2403.48
Vijayawada,Guntur,35,8,0,1,841,374.41
Rajahmundry,Visakhapatnam,190,5,1,0,65,1429.87
Kadapa,Visakhapatnam,710,4,1,1,144,5113.47
Rajahmundry,Guntur,200,4,1,0,91,1255.69
Rajahmundry,Guntur,200,3,0,0,819,1353.24
Tirupati,Vijayawada,400,5,0,0,111,2406.66
Vijayawada,Rajahmundry,160,0,0,1,133,927.65
Rajahmundry,Guntur,200,7,0,1,831,1197.78
Rajahmundry,Guntur,200,1,1,0,25,1501.88
Kadapa,Visakhapatnam,710,7,1,0,194,4449.62
Vijayawada,Guntur,35,8,1,1,245,403.76
Nellore,Vijayawada,280,5,0,0,225,1693.5
Kadapa,Rajahmundry,529,2,1,0,106,3644.16
Kadapa,Visakhapatnam,710,0,1,1,77,5108.66
Tirupati,Visakhapatnam,750,7,0,0,572,3778.6
Kadapa,Guntur,390,7,0,0,119,1955.95
Vijayawada,Rajahmundry,160,2,1,0,178,1112.24
Rajahmundry,Visakhapatnam,190,3,1,1,156,1789.89
Nellore,Visakhapatnam,660,0,0,1,929,3848.42
Tirupati,Vijayawada,400,3,0,1,145,3000.84
Kadapa,Guntur,390,5,1,0,169,2937.67
Kadapa,Rajahmundry,529,0,1,0,173,3317.06
Vijayawada,Guntur,35,6,0,0,146,218.76
Kadapa,Guntur,390,6,1,1,302,3389.8
Guntur,Vijayawada,35,7,0,0,703,210.15
Tirupati,Rajahmundry,35,4,1,1,142,261.77
Kurnool,Visakhapatnam,770,2,0,0,192,4245.56
Kurnool,Visakhapatnam,770,7,0,0,53,3852.65
Rajahmundry,Guntur,200,0,1,1,81,1443.32
Kadapa,Vijayawada,360,2,0,0,142,1987.81
Kurnool,Rajahmundry,500,7,1,1,855,3655.2
Tirupati,Rajahmundry,500,4,0,0,3,2500.15
Nellore,Guntur,310,7,0,0,618,1580.9
Rajahmundry,Visakhapatnam,190,7,0,0,184,959.2
Kurnool,Visakhapatnam,770,5,1,1,762,6706.97
Kurnool,Vijayawada,380,4,1,0,437,2402.31
Kurnool,Guntur,400,6,0,0,192,2411.52
Guntur,Rajahmundry,200,4,1,1,368,1463.95
Kurnool,Visakhapatnam,770,6,0,0,153,4629.18
Guntur,Visakhapatnam,385,6,0,0,224,2323.44
Kadapa,Visakhapatnam,710,6,1,1,836,6195.85
Guntur,Vijayawada,35,3,1,0,122,294.29
Kurnool,Rajahmundry,500,0,0,1,688,2914.56
Rajahmundry,Visakhapatnam,190,2,0,0,276,1060.18
Kurnool,Guntur,400,8,1,1,200,4334.06
Tirupati,Visakhapatnam,750,4,1,1,157,5401.91
Nellore,Vijayawada,280,2,0,0,463,1565.47
Tirupati,Rajahmundry,280,3,0,0,53,1823.45
Guntur,Vijayawada,35,8,0,1,645,357.51
Tirupati,Visakhapatnam,750,6,1,0,510,5663.25
Nellore,Vijayawada,280,3,0,1,164,2105.26
Kadapa,Rajahmundry,529,1,1,0,776,4025.7
Kurnool,Rajahmundry,500,2,0,0,64,2753.52
Vijayawada,Visakhapatnam,350,2,0,1,33,2215.84
Guntur,Visakhapatnam,385,7,1,0,69,2410.56
Tirupati,Visakhapatnam,750,6,1,0,133,5634.97
Kadapa,Visakhapatnam,710,3,1,0,54,5773.14
Nellore,Visakhapatnam,660,4,0,1,407,3818.4
Kadapa,Visakhapatnam,710,3,0,1,113,5315.7
Visakhapatnam,Guntur,385,1,1,0,69,2892.67
Kurnool,Rajahmundry,500,5,0,0,250,3015.0
Kurnool,Guntur,400,2,1,0,58,2753.99
Rajahmundry,Guntur,200,5,1,0,776,1558.2
Nellore,Visakhapatnam,660,1,0,1,743,4605.27
Rajahmundry,Visakhapatnam,190,1,1,1,131,1650.05
Tirupati,Vijayawada,400,6,0,0,638,2438.28
Tirupati,Visakhapatnam,750,4,1,1,22,5392.21
Tirupati,Vijayawada,400,1,1,0,144,3010.8
Kadapa,Rajahmundry,529,3,1,1,130,4954.99
Visakhapatnam,Vijayawada,350,3,1,1,177,3286.85
Kadapa,Rajahmundry,529,5,1,0,441,4000.57
Rajahmundry,Guntur,200,0,0,0,157,1007.85
Visakhapatnam,Guntur,385,8,0,1,945,3402.13
Vijayawada,Visakhapatnam,350,6,1,0,12,2625.9
Kadapa,Rajahmundry,529,3,1,1,724,5010.49
Rajahmundry,Vijayawada,160,4,0,1,45,922.59
Visakhapatnam,Rajahmundry,190,1,1,0,163,1437.22
Visakhapatnam,Rajahmundry,190,2,0,1,501,1233.44
Vijayawada,Visakhapatnam,350,1,1,1,215,3037.29
Kurnool,Rajahmundry,500,4,1,1,955,3662.39
Nellore,Vijayawada,280,7,1,0,155,1759.69
Vijayawada,Rajahmundry,160,4,0,1,121,926.96
Visakhapatnam,Rajahmundry,190,2,1,1,41,1505.43
Nellore,Guntur,310,3,0,1,137,2327.49
Kurnool,Visakhapatnam,770,7,0,1,413,4451.25
Guntur,Visakhapatnam,385,7,1,0,636,2446.0
Kadapa,Guntur,390,4,1,0,971,2498.19
Kurnool,Guntur,400,1,0,1,30,2762.07
Tirupati,Guntur,375,8,0,1,27,3236.7
Vijayawada,Rajahmundry,160,4,0,0,14,800.7
Visakhapatnam,Guntur,385,6,1,0,123,2896.73
Kadapa,Rajahmundry,529,1,0,1,652,3695.09
Visakhapatnam,Rajahmundry,190,8,0,1,52,1643.23
Kurnool,Guntur,400,4,1,0,156,2509.75
Guntur,Vijayawada,35,6,1,0,42,265.65
Guntur,Visakhapatnam,385,4,1,1,786,2823.68
Visakhapatnam,Vijayawada,350,5,1,0,778,2683.35
Kurnool,Rajahmundry,500,5,1,1,167,4326.9
Visakhapatnam,Guntur,385,8,0,1,99,3329.16
Tirupati,Guntur,375,3,1,1,74,3510.82
Visakhapatnam,Rajahmundry,190,5,0,1,157,1321.83
Visakhapatnam,Rajahmundry,190,6,1,1,62,1644.1
Guntur,Visakhapatnam,385,2,1,1,179,3058.06
Vijayawada,Guntur,35,8,1,1,598,441.82
Nellore,Rajahmundry,438,1,0,1,133,3031.38
Kurnool,Rajahmundry,500,0,0,0,14,2500.7
Vijayawada,Rajahmundry,160,4,0,1,554,951.86
Vijayawada,Visakhapatnam,350,1,1,1,137,3030.57
Kadapa,Vijayawada,360,7,1,1,68,2592.39
Visakhapatnam,Vijayawada,350,7,0,0,5,1750.25
Tirupati,Rajahmundry,350,2,1,0,29,2408.24
Kurnool,Guntur,400,1,1,0,143,3010.72
Kurnool,Guntur,400,1,1,1,451,3488.9
Vijayawada,Guntur,35,8,0,1,847,374.93
Nellore,Visakhapatnam,660,7,0,1,146,3803.39
Rajahmundry,Visakhapatnam,190,4,1,1,49,1369.15
Vijayawada,Guntur,35,0,1,1,806,309.49
Kadapa,Vijayawada,360,5,0,0,105,2166.3
Tirupati,Visakhapatnam,750,8,1,1,61,8092.51
Kurnool,Vijayawada,380,3,1,0,159,3100.42
Kadapa,Rajahmundry,529,4,0,1,74,3046.0
Kadapa,Visakhapatnam,710,2,1,0,47,4884.48
Visakhapatnam,Rajahmundry,190,4,0,1,133,1100.15
Kadapa,Visakhapatnam,710,0,1,0,102,4443.88
Tirupati,Vijayawada,400,4,0,1,55,2303.16
Rajahmundry,Vijayawada,160,2,0,1,35,1014.21
Rajahmundry,Visakhapatnam,190,6,1,0,144,1435.8
Nellore,Guntur,310,0,1,0,44,1940.25
Visakhapatnam,Guntur,385,1,1,0,8,2888.1
Tirupati,Visakhapatnam,750,1,1,0,52,5628.9
Kadapa,Guntur,390,5,1,1,175,3378.84
Tirupati,Guntur,375,1,0,0,154,2259.24
Rajahmundry,Guntur,200,7,1,0,165,1260.31
Kadapa,Rajahmundry,529,8,1,1,161,5720.64
Visakhapatnam,Guntur,385,8,1,1,85,4159.95
Tirupati,Guntur,375,8,0,1,946,3315.97
Guntur,Visakhapatnam,385,7,0,0,31,1926.55
Vijayawada,Guntur,35,1,0,0,138,218.28
Kadapa,Vijayawada,360,4,1,1,74,2592.82
Guntur,Rajahmundry,200,2,1,0,140,1384.62
Kurnool,Vijayawada,380,0,0,1,123,2192.07
Rajahmundry,Vijayawada,160,5,1,0,552,1241.4
Vijayawada,Rajahmundry,160,1,1,0,725,1254.38
Kadapa,Guntur,390,7,1,0,934,2495.88
Kadapa,Vijayawada,360,7,1,1,482,2622.14
Guntur,Vijayawada,35,8,1,1,652,447.64
Guntur,Rajahmundry,200,6,1,0,863,1564.72
Visakhapatnam,Vijayawada,350,3,0,0,5,2275.33
Visakhapatnam,Vijayawada,350,8,1,1,198,3794.78
Guntur,Vijayawada,35,5,0,0,860,261.6
Kurnool,Vijayawada,380,2,1,0,222,2627.76
Guntur,Vijayawada,35,2,1,1,187,291.5
Vijayawada,Visakhapatnam,350,6,1,1,101,3027.46
Nellore,Visakhapatnam,660,3,0,1,976,5006.46
Kadapa,Visakhapatnam,710,3,0,1,66,5312.18
Nellore,Guntur,310,1,0,0,162,1869.72
Nellore,Visakhapatnam,660,3,1,0,130,5373.06
Visakhapatnam,Rajahmundry,190,3,0,1,153,1431.69
Visakhapatnam,Guntur,385,2,0,1,532,2468.77
Kurnool,Vijayawada,380,5,0,0,60,2283.6
Visakhapatnam,Vijayawada,350,4,0,0,173,1758.65
Kurnool,Rajahmundry,500,6,0,1,518,3485.74
Guntur,Rajahmundry,200,7,1,1,24,1439.22
Vijayawada,Rajahmundry,160,4,1,0,30,1001.88
Guntur,Visakhapatnam,385,6,0,0,92,2315.52
Visakhapatnam,Vijayawada,350,3,0,1,391,2645.48
Rajahmundry,Visakhapatnam,190,3,1,1,100,1784.66
Tirupati,Vijayawada,400,4,1,1,131,2884.42
Nellore,Rajahmundry,438,8,0,1,166,3792.07
Kadapa,Vijayawada,360,7,1,0,48,2253.0
Rajahmundry,Vijayawada,160,5,0,0,472,988.32
Nellore,Rajahmundry,438,0,1,1,34,3150.57
Visakhapatnam,Vijayawada,350,1,0,1,159,2425.97
Kadapa,Rajahmundry,529,1,1,0,86,3973.95
Kurnool,Visakhapatnam,770,4,0,1,69,4431.47
Visakhapatnam,Guntur,385,5,1,1,29,3323.13
Vijayawada,Guntur,35,6,0,0,78,214.68
Kadapa,Rajahmundry,529,8,0,1,626,4616.62
Tirupati,Visakhapatnam,750,7,1,1,279,5410.68
Rajahmundry,Vijayawada,160,0,0,1,958,975.08
Nellore,Visakhapatnam,660,8,1,1,387,7157.35
Kadapa,Vijayawada,360,1,1,0,23,2701.73
Tirupati,Visakhapatnam,750,5,1,0,29,5627.17
Kurnool,Visakhapatnam,770,8,1,1,708,8377.89
Guntur,Vijayawada,35,2,0,0,625,226.88
Kadapa,Guntur,390,4,0,0,44,1952.2
Guntur,Vijayawada,35,1,1,0,192,276.9
Visakhapatnam,Guntur,385,8,0,1,49,3324.85
Vijayawada,Visakhapatnam,350,2,1,0,19,2407.56
Rajahmundry,Guntur,200,8,0,1,187,1741.13
Vijayawada,Rajahmundry,160,4,1,0,566,1035.38
Vijayawada,Guntur,35,8,0,1,113,311.62
Kurnool,Vijayawada,380,4,1,0,58,2378.62
Guntur,Rajahmundry,200,2,1,0,181,1387.44
Tirupati,Rajahmundry,200,7,1,0,113,1257.06
Rajahmundry,Vijayawada,160,2,1,0,958,1165.86
Nellore,Visakhapatnam,660,4,0,0,998,3349.9
Visakhapatnam,Vijayawada,350,4,0,0,56,1752.8
Tirupati,Visakhapatnam,750,6,0,0,75,4504.5
Vijayawada,Visakhapatnam,350,8,0,1,84,3025.99
Rajahmundry,Guntur,200,1,1,1,8,1725.69
Rajahmundry,Visakhapatnam,190,8,1,1,38,2052.53
Guntur,Vijayawada,35,7,0,1,42,203.66
Kadapa,Guntur,390,0,0,1,127,2249.8
Rajahmundry,Guntur,200,1,1,0,40,1503.0
Guntur,Rajahmundry,200,3,0,1,188,1509.05
Kadapa,Visakhapatnam,710,0,1,1,805,5160.98
Rajahmundry,Visakhapatnam,190,7,0,0,31,951.55
Rajahmundry,Visakhapatnam,190,5,1,0,24,1426.8
Nellore,Rajahmundry,438,6,1,0,65,3289.88
Rajahmundry,Vijayawada,160,4,1,0,95,1005.94
Guntur,Visakhapatnam,385,0,1,0,132,2414.5
Guntur,Vijayawada,35,6,0,0,174,220.44
Nellore,Visakhapatnam,660,5,0,0,220,3973.2
Visakhapatnam,Rajahmundry,190,3,0,0,82,1240.33
Vijayawada,Visakhapatnam,350,2,0,0,139,1932.65
Tirupati,Guntur,375,4,1,0,703,2387.69
Tirupati,Guntur,375,4,1,1,114,2703.51
Visakhapatnam,Rajahmundry,190,2,0,0,142,1052.81
Kadapa,Rajahmundry,529,1,0,0,902,3228.12
Kurnool,Guntur,400,2,1,1,177,3176.49
Kadapa,Visakhapatnam,710,0,1,0,25,4439.06
Tirupati,Visakhapatnam,750,4,0,1,249,4326.82
Kurnool,Vijayawada,380,6,1,1,82,3284.57
Kurnool,Rajahmundry,500,4,0,0,160,2508.0
Kurnool,Visakhapatnam,770,7,0,0,47,3852.35
Guntur,Visakhapatnam,385,5,1,0,86,2893.95
Tirupati,Vijayawada,400,7,0,0,1,2000.05
Guntur,Visakhapatnam,385,0,1,1,91,2773.73
Vijayawada,Guntur,35,5,1,0,193,276.98
Rajahmundry,Guntur,200,2,0,1,7,1265.44
Vijayawada,Guntur,35,5,0,0,266,225.96
Guntur,Vijayawada,35,3,0,1,50,265.36
Rajahmundry,Visakhapatnam,190,0,0,0,27,951.35
Kurnool,Vijayawada,380,1,0,0,168,2290.08
Vijayawada,Visakhapatnam,350,2,0,1,142,2222.73
Vijayawada,Visakhapatnam,350,4,0,1,92,2017.79
Guntur,Rajahmundry,200,5,0,1,136,1389.38
Guntur,Rajahmundry,200,6,0,0,266,1215.96
Guntur,Vijayawada,35,6,0,1,65,245.98
Vijayawada,Rajahmundry,160,0,0,0,73,803.65
Kadapa,Guntur,390,3,0,1,149,2926.39
Guntur,Visakhapatnam,385,2,0,1,89,2440.75
Rajahmundry,Visakhapatnam,190,3,1,1,97,1784.38
Vijayawada,Rajahmundry,160,3,1,0,1,1300.08
Kadapa,Visakhapatnam,710,5,1,1,51,6128.15
Vijayawada,Guntur,35,1,1,0,195,277.12
Visakhapatnam,Guntur,385,7,1,0,154,2415.88
Nellore,Vijayawada,280,3,0,0,48,1823.12
Kurnool,Vijayawada,380,4,0,0,218,1910.9
Vijayawada,Rajahmundry,160,1,0,1,148,1114.21
Kurnool,Guntur,400,3,1,0,130,3260.56
Vijayawada,Visakhapatnam,350,0,0,0,165,1758.25
Nellore,Rajahmundry,438,4,1,0,152,2747.0
Rajahmundry,Visakhapatnam,190,3,1,1,34,1778.49
Nellore,Vijayawada,280,3,0,1,455,2127.01
Visakhapatnam,Rajahmundry,190,7,1,1,12,1366.49
Visakhapatnam,Rajahmundry,190,3,0,1,115,1428.85
Vijayawada,Rajahmundry,160,0,0,0,605,830.25
Kadapa,Vijayawada,360,8,0,1,808,3174.69
Rajahmundry,Vijayawada,160,5,0,1,141,1113.73
Guntur,Rajahmundry,200,8,0,1,167,1739.4
Tirupati,Visakhapatnam,750,1,1,0,2,5625.15
Kurnool,Rajahmundry,500,3,1,1,13,4673.09
Tirupati,Rajahmundry,500,3,1,0,808,4128.15
Kurnool,Guntur,400,5,0,0,876,2452.56
Tirupati,Guntur,375,5,1,0,329,2837.17
Tirupati,Guntur,375,0,1,1,96,2702.21
Kurnool,Visakhapatnam,770,3,1,1,159,7209.54
Nellore,Rajahmundry,438,4,1,0,62,2741.38
Tirupati,Vijayawada,400,2,1,0,59,2754.06
Vijayawada,Visakhapatnam,350,6,0,1,101,2421.97
Nellore,Visakhapatnam,660,2,0,0,152,3638.36
Visakhapatnam,Rajahmundry,190,2,1,1,51,1506.22
Guntur,Vijayawada,35,5,1,1,242,322.75
Nellore,Rajahmundry,438,8,0,1,513,3822.0
Guntur,Visakhapatnam,385,2,1,0,32,2649.08
Vijayawada,Rajahmundry,160,7,0,0,122,806.1
Rajahmundry,Visakhapatnam,190,0,1,0,200,1200.0
Guntur,Visakhapatnam,385,4,0,1,683,2253.02
Kadapa,Visakhapatnam,710,6,0,1,81,4904.59
Kurnool,Vijayawada,380,1,1,1,37,3280.69
Guntur,Vijayawada,35,1,0,0,181,220.86
Tirupati,Visakhapatnam,750,1,0,0,122,4507.32
Kurnool,Guntur,400,4,0,1,367,2321.1
Nellore,Rajahmundry,438,1,0,1,140,3031.86
Tirupati,Guntur,375,4,0,0,70,1878.5
Vijayawada,Rajahmundry,160,3,1,1,658,1556.48
Tirupati,Guntur,375,5,1,1,978,3318.73
Guntur,Visakhapatnam,385,5,0,0,179,2320.74
Vijayawada,Guntur,35,3,0,1,192,275.98
Tirupati,Visakhapatnam,750,2,1,0,154,5166.84
Kadapa,Rajahmundry,529,0,1,1,176,3814.84
Tirupati,Guntur,375,7,1,1,67,2700.13
Tirupati,Guntur,375,4,1,0,8,2344.25
Kadapa,Visakhapatnam,710,8,0,1,11,6124.7
Rajahmundry,Guntur,200,8,1,1,720,2233.88
Rajahmundry,Visakhapatnam,190,6,1,0,20,1426.5
Kadapa,Visakhapatnam,710,8,0,1,634,6178.43
Guntur,Visakhapatnam,385,4,0,1,489,2241.87
Vijayawada,Guntur,35,3,1,0,762,346.29
Guntur,Rajahmundry,200,7,0,1,639,1186.74
Visakhapatnam,Rajahmundry,190,7,1,1,176,1378.27
Nellore,Visakhapatnam,660,4,0,0,859,3342.95
Rajahmundry,Guntur,200,5,1,1,202,1742.42
Visakhapatnam,Guntur,385,7,0,0,532,1951.6
Kurnool,Rajahmundry,500,8,0,1,113,4322.25
Kadapa,Rajahmundry,529,0,1,1,732,3854.8
Kurnool,Vijayawada,380,8,0,1,60,3282.67
Visakhapatnam,Rajahmundry,190,3,0,0,21,1236.37
Guntur,Vijayawada,35,4,0,0,122,181.1
Visakhapatnam,Vijayawada,350,8,0,1,647,3074.55
Guntur,Rajahmundry,200,7,1,1,81,1443.32
Kurnool,Guntur,400,3,1,0,167,3263.57
Vijayawada,Rajahmundry,160,0,1,1,304,1171.85
Vijayawada,Visakhapatnam,350,8,0,1,95,3026.94
Guntur,Rajahmundry,200,5,0,0,186,1211.16
Rajahmundry,Vijayawada,160,0,0,1,204,931.73
Vijayawada,Rajahmundry,160,2,0,1,519,1044.83
Tirupati,Rajahmundry,160,6,1,1,23,1381.98
Rajahmundry,Vijayawada,160,3,0,0,76,1044.94
Vijayawada,Guntur,35,5,0,0,805,258.3
Vijayawada,Visakhapatnam,350,6,0,0,10,2100.6
Guntur,Vijayawada,35,8,1,1,454,426.29
Tirupati,Vijayawada,400,7,1,0,167,2510.44
Rajahmundry,Guntur,200,6,1,1,175,1740.09
Kurnool,Vijayawada,380,3,0,1,164,2852.76
Guntur,Visakhapatnam,385,2,1,0,145,2656.84
Rajahmundry,Guntur,200,2,1,1,179,1595.4
Kadapa,Vijayawada,360,1,0,1,105,2491.24
Kadapa,Guntur,390,2,1,1,158,3095.93
Visakhapatnam,Guntur,385,2,0,1,41,2437.72
Vijayawada,Visakhapatnam,350,1,0,0,197,2111.82
Tirupati,Vijayawada,400,3,0,0,718,2646.67
Vijayawada,Guntur,35,3,1,0,309,309.48
Rajahmundry,Vijayawada,160,7,1,0,160,1010.0
Nellore,Rajahmundry,438,6,0,0,817,2677.02
Guntur,Visakhapatnam,385,6,1,1,687,3379.88
Kurnool,Rajahmundry,500,7,1,1,96,3600.65
Vijayawada,Guntur,35,8,0,1,770,368.29
Rajahmundry,Guntur,200,6,0,0,164,1209.84
Nellore,Rajahmundry,438,4,0,0,439,2211.95
Tirupati,Visakhapatnam,750,1,0,0,450,4527.0
Vijayawada,Guntur,35,8,0,1,141,314.04
Vijayawada,Rajahmundry,160,7,1,1,52,1153.74
Tirupati,Vijayawada,400,1,0,0,367,2422.02
Kurnool,Rajahmundry,500,5,0,0,615,3036.9
Tirupati,Rajahmundry,500,2,0,1,108,3169.33
Nellore,Rajahmundry,438,5,0,1,120,3030.48
Visakhapatnam,Guntur,385,8,1,1,139,4165.77
Vijayawada,Rajahmundry,160,3,1,0,79,1306.42
Rajahmundry,Visakhapatnam,190,7,0,0,13,950.65
Guntur,Vijayawada,35,2,0,1,89,227.0
Kurnool,Rajahmundry,500,6,1,0,162,3762.15
Kadapa,Vijayawada,360,5,1,0,47,2703.52
Tirupati,Rajahmundry,360,3,0,1,199,2705.88
Visakhapatnam,Guntur,385,7,1,1,178,2779.98
Guntur,Visakhapatnam,385,0,1,1,590,2809.59
Kadapa,Guntur,390,6,0,1,151,2701.42
Visakhapatnam,Vijayawada,350,0,0,1,168,2022.16
Kurnool,Vijayawada,380,1,0,0,96,2285.76
Kadapa,Visakhapatnam,710,7,0,0,110,3555.5
Tirupati,Vijayawada,400,8,0,1,164,3464.14
Visakhapatnam,Guntur,385,3,0,0,129,2510.89
Nellore,Guntur,310,6,0,1,62,2143.28
Visakhapatnam,Rajahmundry,190,1,1,0,127,1434.52
Kadapa,Vijayawada,360,2,1,1,157,2858.66
Tirupati,Guntur,375,5,1,1,43,3238.08
Kurnool,Vijayawada,380,1,0,1,459,2653.67
Kurnool,Visakhapatnam,770,4,0,0,179,3858.95
Guntur,Vijayawada,35,0,0,1,36,203.32
Rajahmundry,Guntur,200,5,1,1,238,1745.53
Vijayawada,Visakhapatnam,350,6,1,1,83,3025.91
Tirupati,Guntur,375,2,0,1,128,2379.97
Nellore,Rajahmundry,438,0,1,1,293,3169.18
Tirupati,Guntur,375,7,0,0,169,1883.45
Kadapa,Guntur,390,2,0,0,108,2150.94
Tirupati,Visakhapatnam,750,4,1,1,730,5443.09
Vijayawada,Guntur,35,0,0,1,199,212.69
Vijayawada,Guntur,35,6,0,1,823,298.29
Guntur,Visakhapatnam,385,0,1,1,201,2781.63
Tirupati,Vijayawada,400,4,0,1,32,2301.84
Nellore,Vijayawada,280,4,1,0,19,1751.19
Nellore,Rajahmundry,438,5,1,0,238,3302.85
Kadapa,Vijayawada,360,8,1,1,152,3897.64
Rajahmundry,Guntur,200,1,1,0,134,1510.05
Vijayawada,Visakhapatnam,350,7,1,0,891,2243.19
Kadapa,Vijayawada,360,1,1,1,71,3111.12
Visakhapatnam,Guntur,385,3,0,1,63,2882.58
Rajahmundry,Visakhapatnam,190,6,0,0,146,1148.76
Kurnool,Vijayawada,380,8,0,1,6,3278.02
Guntur,Rajahmundry,200,6,1,1,175,1740.09
Kadapa,Vijayawada,360,0,1,1,42,2590.52
Visakhapatnam,Guntur,385,6,1,0,69,2892.67
Kurnool,Visakhapatnam,770,0,1,1,10,5535.09
Kurnool,Guntur,400,8,0,1,38,3453.28
Nellore,Vijayawada,280,4,0,0,189,1409.45
Tirupati,Visakhapatnam,750,0,0,1,173,4322.45
Guntur,Rajahmundry,200,2,1,0,91,1381.26
Visakhapatnam,Guntur,385,6,0,1,170,2668.23
Vijayawada,Guntur,35,0,0,1,798,247.13
Kadapa,Guntur,390,3,1,0,769,3231.23
Rajahmundry,Guntur,200,0,1,0,230,1264.38
Kurnool,Rajahmundry,500,4,0,1,501,2903.81
Vijayawada,Rajahmundry,160,8,1,1,958,1828.28
Kurnool,Vijayawada,380,3,0,0,14,2470.91
Guntur,Visakhapatnam,385,0,1,0,163,2416.44
Tirupati,Guntur,375,4,1,0,220,2357.5
Guntur,Visakhapatnam,385,3,0,0,114,2509.91
Kadapa,Guntur,390,4,0,0,183,1959.15
Vijayawada,Visakhapatnam,350,1,1,1,748,3083.27
Kadapa,Vijayawada,360,7,1,1,159,2598.93
Vijayawada,Visakhapatnam,350,1,1,1,173,3033.67
Vijayawada,Rajahmundry,160,3,1,0,2,1300.16
Vijayawada,Guntur,35,8,0,1,135,313.52
Vijayawada,Rajahmundry,160,6,1,1,975,1464.09
Visakhapatnam,Rajahmundry,190,2,0,1,121,1209.4
Kurnool,Visakhapatnam,770,0,0,0,809,3890.45
Visakhapatnam,Rajahmundry,190,1,0,1,8,1311.55
Visakhapatnam,Guntur,385,5,0,1,549,2694.38
Vijayawada,Guntur,35,6,1,0,177,275.77
Nellore,Rajahmundry,438,3,1,0,657,3612.13
Kurnool,Guntur,400,8,1,1,101,4323.39
Kadapa,Rajahmundry,529,0,1,0,113,3313.31
Nellore,Rajahmundry,438,6,0,1,937,3086.85
Nellore,Rajahmundry,438,6,1,0,198,3299.85
Nellore,Guntur,310,3,1,0,197,2534.76
Nellore,Rajahmundry,438,6,0,1,474,3054.91
Tirupati,Rajahmundry,438,8,1,1,173,4740.84
Rajahmundry,Vijayawada,160,3,1,0,518,1342.09
Vijayawada,Guntur,35,8,0,1,75,308.34
Kadapa,Vijayawada,360,2,0,0,95,1985.23
Kurnool,Guntur,400,5,1,1,171,3464.75
Guntur,Visakhapatnam,385,5,1,1,100,3329.25
Tirupati,Guntur,375,3,1,1,11,3504.93
Tirupati,Rajahmundry,375,2,1,0,227,2593.73
Nellore,Guntur,310,1,0,0,245,1874.7
Rajahmundry,Vijayawada,160,7,0,1,119,926.84
Tirupati,Visakhapatnam,750,6,0,0,11,4500.66
Nellore,Rajahmundry,438,2,1,0,759,3063.43
Nellore,Visakhapatnam,660,1,1,0,102,4957.65
Rajahmundry,Guntur,200,3,1,0,148,1637.03
Kadapa,Vijayawada,360,0,0,0,189,1809.45
Rajahmundry,Visakhapatnam,190,2,1,0,167,1317.73
Rajahmundry,Guntur,200,8,0,1,42,1728.62
Guntur,Rajahmundry,200,3,1,1,25,1871.09
Guntur,Vijayawada,35,5,1,0,93,269.48
Kadapa,Rajahmundry,529,7,1,1,138,3812.11
Nellore,Visakhapatnam,660,5,0,1,93,4560.42
Guntur,Visakhapatnam,385,6,0,0,166,2319.96
Guntur,Visakhapatnam,385,7,0,0,38,1926.9
Rajahmundry,Vijayawada,160,7,1,0,833,1052.06
Kadapa,Guntur,390,0,1,0,23,2438.94
Kadapa,Visakhapatnam,710,2,0,1,502,4522.5
Tirupati,Vijayawada,400,5,0,1,38,2762.62
Rajahmundry,Visakhapatnam,190,5,1,0,139,1435.42
Nellore,Visakhapatnam,660,5,1,0,84,4956.3
Vijayawada,Rajahmundry,160,8,0,1,53,1384.57
Kadapa,Visakhapatnam,710,8,1,1,158,7671.72
Visakhapatnam,Guntur,385,0,1,1,42,2770.21
